playerID,yearID_x,stint,G,AB,R,H,2B,3B,HR,RBI,SB,CS,BB,SO,IBB,HBP,SH,SF,GIDP,birthYear,birthMonth,birthDay,birthCountry,birthState,birthCity,deathYear,deathMonth,deathDay,deathCountry,deathState,deathCity,nameFirst,nameLast,nameGiven,weight,height,bats,throws,debut,finalGame,retroID,bbrefID,yearID_y,teamID,lgID,salary
abernbr01,2001,1,79,304,43,82,17,1,5,33.0,8.0,3.0,27,35.0,1.0,0.0,3.0,1.0,3.0,1977.0,9.0,23.0,USA,GA,Atlanta,,,,,,,Brent,Abernathy,Michael Brent,185.0,73.0,R,R,2001-06-25,2005-09-29,aberb001,abernbr01,2002,TBA,AL,215000
abreubo01,2001,1,162,588,118,170,48,4,31,110.0,36.0,14.0,106,137.0,11.0,1.0,0.0,9.0,13.0,1974.0,3.0,11.0,Venezuela,Aragua,Maracay,,,,,,,Bobby,Abreu,Bob Kelly,220.0,72.0,L,R,1996-09-01,2014-09-28,abreb001,abreubo01,2002,PHI,NL,6333333
alfoned01,2001,1,124,457,64,111,22,0,17,49.0,5.0,0.0,51,62.0,0.0,5.0,1.0,5.0,7.0,1973.0,11.0,8.0,Venezuela,Miranda,Santa Teresa del Tuy,,,,,,,Edgardo,Alfonzo,Edgardo Antonio,210.0,71.0,R,R,1995-04-26,2006-06-11,alfoe001,alfoned01,2002,NYN,NL,6200000
alicelu01,2001,1,113,387,44,106,16,4,4,32.0,8.0,6.0,23,56.0,0.0,4.0,3.0,1.0,6.0,1965.0,7.0,29.0,P.R.,,Santurce,,,,,,,Luis,Alicea,Luis Rene,165.0,69.0,B,R,1988-04-23,2002-09-25,alicl001,alicelu01,2002,KCA,AL,800000
alomaro01,2001,1,157,575,113,193,34,12,20,100.0,30.0,6.0,80,71.0,5.0,4.0,9.0,9.0,9.0,1968.0,2.0,5.0,P.R.,,Ponce,,,,,,,Roberto,Alomar,Roberto,184.0,72.0,B,R,1988-04-22,2004-09-05,alomr001,alomaro01,2002,NYN,NL,7939664
aloumo01,2001,1,136,513,79,170,31,1,27,108.0,5.0,1.0,57,57.0,14.0,3.0,0.0,8.0,18.0,1966.0,7.0,3.0,USA,GA,Atlanta,,,,,,,Moises,Alou,Moises Rojas,185.0,75.0,R,R,1990-07-26,2008-06-10,aloum001,aloumo01,2002,CHN,NL,6000000
anderbr01,2001,1,131,430,50,87,12,3,8,45.0,12.0,4.0,60,77.0,4.0,8.0,2.0,1.0,3.0,1964.0,1.0,18.0,USA,MD,Silver Spring,,,,,,,Brady,Anderson,Brady Kevin,170.0,73.0,L,L,1988-04-04,2002-05-20,andeb001,anderbr01,2002,CLE,AL,200000
anderga01,2001,1,161,672,83,194,39,2,28,123.0,13.0,6.0,27,100.0,4.0,0.0,0.0,5.0,12.0,1972.0,6.0,30.0,USA,CA,Los Angeles,,,,,,,Garret,Anderson,Garret Joseph,190.0,75.0,L,L,1994-07-27,2010-08-06,andeg001,anderga01,2002,ANA,AL,5000000
anderma02,2001,1,147,522,69,153,30,2,11,61.0,8.0,5.0,35,74.0,5.0,2.0,10.0,5.0,12.0,1974.0,1.0,6.0,USA,AL,Montgomery,,,,,,,Marlon,Anderson,Marlon Ordell,190.0,70.0,L,R,1998-09-08,2009-04-10,andem003,anderma02,2002,PHI,NL,400000
aurilri01,2001,1,156,636,114,206,37,5,37,97.0,1.0,3.0,47,83.0,2.0,0.0,3.0,3.0,14.0,1971.0,9.0,2.0,USA,NY,Brooklyn,,,,,,,Rich,Aurilia,Richard Santo,170.0,72.0,R,R,1995-09-06,2009-10-04,aurir001,aurilri01,2002,SFN,NL,5250000
ausmubr01,2001,1,128,422,45,98,23,4,5,34.0,4.0,1.0,30,64.0,6.0,1.0,6.0,2.0,13.0,1969.0,4.0,14.0,USA,CT,New Haven,,,,,,,Brad,Ausmus,Bradley David,190.0,71.0,R,R,1993-07-28,2010-10-03,ausmb001,ausmubr01,2002,HOU,NL,5000000
bagweje01,2001,1,161,600,126,173,43,4,39,130.0,11.0,3.0,106,135.0,5.0,6.0,0.0,5.0,20.0,1968.0,5.0,27.0,USA,MA,Boston,,,,,,,Jeff,Bagwell,Jeffrey Robert,195.0,72.0,R,R,1991-04-08,2005-10-02,bagwj001,bagweje01,2002,HOU,NL,11000000
barremi01,2001,1,132,472,42,118,33,2,6,38.0,2.0,1.0,25,54.0,2.0,2.0,4.0,3.0,14.0,1976.0,10.0,22.0,USA,GA,Atlanta,,,,,,,Michael,Barrett,Michael Patrick,185.0,75.0,R,R,1998-09-19,2009-04-17,barrm003,barremi01,2002,MON,NL,1150000
batisto01,4002,3,156,579,70,138,27,6,25,87.0,5.0,2.0,32,113.0,1.0,4.0,0.0,7.0,9.0,1973.0,12.0,9.0,D.R.,Puerto Plata,Puerto Plata,,,,,,,Tony,Batista,Leocadio Francisco,180.0,72.0,R,R,1996-06-03,2007-09-30,batit001,batisto01,2002,BAL,AL,4900000
bellda01,2001,1,135,470,62,122,28,0,15,64.0,2.0,1.0,28,59.0,1.0,3.0,5.0,4.0,8.0,1972.0,9.0,14.0,USA,OH,Cincinnati,,,,,,,David,Bell,David Michael,170.0,70.0,R,R,1995-05-03,2006-10-01,belld002,bellda01,2002,SFN,NL,1750000
belliro01,2001,1,101,364,69,96,30,3,11,36.0,5.0,2.0,35,65.0,2.0,5.0,4.0,2.0,5.0,1975.0,4.0,7.0,USA,NY,New York,,,,,,,Ronnie,Belliard,Ronald,210.0,69.0,R,R,1998-09-12,2010-09-06,bellr002,belliro01,2002,MIL,NL,1650000
bellja01,2001,1,129,428,59,106,24,1,13,46.0,0.0,1.0,65,79.0,3.0,4.0,8.0,4.0,9.0,1965.0,12.0,11.0,USA,FL,Pensacola,,,,,,,Jay,Bell,Jay Stuart,180.0,73.0,R,R,1986-09-29,2003-09-28,bellj001,bellja01,2002,ARI,NL,8000000
beltrad01,2001,1,126,475,59,126,22,4,13,60.0,13.0,4.0,28,82.0,1.0,5.0,2.0,5.0,9.0,1979.0,4.0,7.0,D.R.,Distrito Nacional,Santo Domingo,,,,,,,Adrian,Beltre,Adrian,220.0,71.0,R,R,1998-06-24,2018-09-30,belta001,beltrad01,2002,LAN,NL,2800000
beltrca01,2001,1,155,617,106,189,32,12,24,101.0,31.0,1.0,52,120.0,2.0,5.0,1.0,5.0,7.0,1977.0,4.0,24.0,P.R.,,Manati,,,,,,,Carlos,Beltran,Carlos Ivan,215.0,73.0,B,R,1998-09-14,2017-10-01,beltc001,beltrca01,2002,KCA,AL,3500000
benarma01,2001,1,129,392,70,104,19,2,15,44.0,10.0,5.0,29,66.0,2.0,4.0,1.0,3.0,3.0,1971.0,1.0,20.0,Nicaragua,Atlantico Sur,Bluefields,,,,,,,Marvin,Benard,Marvin Larry,180.0,70.0,L,L,1995-09-05,2003-09-27,benam001,benarma01,2002,SFN,NL,4200000
bergepe01,2001,1,102,375,53,79,11,4,3,16.0,10.0,7.0,28,87.0,2.0,5.0,8.0,0.0,5.0,1977.0,11.0,9.0,USA,MA,Greenfield,,,,,,,Peter,Bergeron,Peter Francis,185.0,74.0,L,R,1999-09-07,2004-04-18,bergp001,bergepe01,2002,MON,NL,250000
berkmla01,2001,1,156,577,110,191,55,5,34,126.0,7.0,9.0,92,121.0,5.0,13.0,0.0,6.0,8.0,1976.0,2.0,10.0,USA,TX,Waco,,,,,,,Lance,Berkman,William Lance,220.0,73.0,B,L,1999-07-16,2013-09-17,berkl001,berkmla01,2002,HOU,NL,500000
biggicr01,2001,1,155,617,118,180,35,3,20,70.0,7.0,4.0,66,100.0,4.0,28.0,0.0,6.0,11.0,1965.0,12.0,14.0,USA,NY,Smithtown,,,,,,,Craig,Biggio,Craig Alan,185.0,71.0,R,R,1988-06-26,2007-09-30,biggc001,biggicr01,2002,HOU,NL,8750000
blanche01,2001,1,104,314,33,66,18,3,6,31.0,3.0,1.0,34,72.0,6.0,2.0,5.0,2.0,10.0,1971.0,8.0,29.0,Venezuela,Distrito Federal,Caracas,,,,,,,Henry,Blanco,Henry Ramon,220.0,71.0,R,R,1997-07-25,2013-09-23,blanh001,blanche01,2002,ATL,NL,1512500
blumge01,2001,1,148,453,57,107,25,0,9,50.0,9.0,5.0,43,94.0,8.0,10.0,3.0,5.0,12.0,1973.0,4.0,26.0,USA,CA,Redwood City,,,,,,,Geoff,Blum,Geoffrey Edward,220.0,75.0,B,R,1999-08-09,2012-07-17,blumg001,blumge01,2002,HOU,NL,315000
bondsba01,2001,1,153,476,129,156,32,2,73,137.0,13.0,3.0,177,93.0,35.0,9.0,0.0,2.0,5.0,1964.0,7.0,24.0,USA,CA,Riverside,,,,,,,Barry,Bonds,Barry Lamar,185.0,73.0,L,L,1986-05-30,2007-09-26,bondb001,bondsba01,2002,SFN,NL,15000000
booneaa01,2001,1,103,381,54,112,26,2,14,62.0,6.0,3.0,29,71.0,1.0,8.0,3.0,6.0,9.0,1973.0,3.0,9.0,USA,CA,La Mesa,,,,,,,Aaron,Boone,Aaron John,190.0,74.0,R,R,1997-06-20,2009-10-04,boona001,booneaa01,2002,CIN,NL,2100000
boonebr01,2001,1,158,623,118,206,37,3,37,141.0,5.0,5.0,40,110.0,5.0,9.0,5.0,13.0,11.0,1969.0,4.0,6.0,USA,CA,El Cajon,,,,,,,Bret,Boone,Bret Robert,180.0,70.0,R,R,1992-08-19,2005-07-30,boonb002,boonebr01,2002,SEA,AL,8000000
branyru01,2001,1,113,315,48,73,16,2,20,54.0,1.0,1.0,38,132.0,1.0,3.0,0.0,5.0,2.0,1975.0,12.0,19.0,USA,GA,Warner Robins,,,,,,,Russell,Branyan,Russell Oles,235.0,76.0,L,R,1998-09-26,2011-09-26,branr001,branyru01,2002,CLE,AL,251000
burksel01,2001,1,124,439,83,123,29,1,28,74.0,5.0,1.0,62,85.0,2.0,5.0,0.0,9.0,16.0,1964.0,9.0,11.0,USA,MS,Vicksburg,,,,,,,Ellis,Burks,Ellis Rena,175.0,74.0,R,R,1987-04-30,2004-10-02,burke001,burksel01,2002,CLE,AL,6666667
burnije01,2001,1,154,562,104,141,32,4,34,100.0,0.0,4.0,80,150.0,9.0,5.0,0.0,4.0,8.0,1969.0,4.0,15.0,USA,CA,Westminster,,,,,,,Jeromy,Burnitz,Jeromy Neal,190.0,72.0,L,R,1993-06-21,2006-09-27,burnj001,burnije01,2002,NYN,NL,7166667
burrepa01,2001,1,155,539,70,139,29,2,27,89.0,2.0,1.0,70,162.0,7.0,5.0,0.0,4.0,12.0,1976.0,10.0,10.0,USA,AR,Eureka Springs,,,,,,,Pat,Burrell,Patrick Brian,235.0,76.0,R,R,2000-05-24,2011-09-28,burrp001,burrepa01,2002,PHI,NL,1905000
cabreor01,2001,1,162,626,64,173,41,6,14,96.0,19.0,7.0,43,54.0,5.0,4.0,4.0,7.0,15.0,1974.0,11.0,2.0,Colombia,Bolivar,Cartagena,,,,,,,Orlando,Cabrera,Orlando Luis,195.0,70.0,R,R,1997-09-03,2011-09-23,cabro001,cabreor01,2002,MON,NL,2400000
camermi01,2001,1,150,540,99,144,30,5,25,110.0,34.0,5.0,69,155.0,3.0,10.0,1.0,13.0,13.0,1973.0,1.0,8.0,USA,GA,La Grange,,,,,,,Mike,Cameron,Michael Terrance,210.0,74.0,R,R,1995-08-27,2011-09-12,camem001,camermi01,2002,SEA,AL,4666667
caseyse01,2001,1,145,533,69,165,40,0,13,89.0,3.0,1.0,43,63.0,8.0,9.0,0.0,3.0,16.0,1974.0,7.0,2.0,USA,NJ,Willingboro,,,,,,,Sean,Casey,Sean Thomas,215.0,76.0,L,R,1997-09-12,2008-09-28,cases001,caseyse01,2002,CIN,NL,4000000
castilu01,2001,1,134,537,76,141,16,10,2,45.0,33.0,16.0,67,90.0,0.0,1.0,4.0,3.0,6.0,1975.0,9.0,12.0,D.R.,San Pedro de Macoris,San Pedro de Macoris,,,,,,,Luis,Castillo,Luis Antonio,145.0,71.0,B,R,1996-08-08,2010-10-03,castl001,castilu01,2002,FLO,NL,3325000
castivi02,4002,3,146,538,69,140,34,1,25,91.0,1.0,4.0,35,108.0,3.0,4.0,0.0,4.0,22.0,1967.0,7.0,4.0,Mexico,Oaxaca,Oaxaca,,,,,,,Vinny,Castilla,Vinicio,175.0,73.0,R,R,1991-09-01,2006-09-28,castv001,castivi02,2002,ATL,NL,3000000
catalfr01,2001,1,133,463,77,153,31,5,11,54.0,15.0,5.0,39,55.0,3.0,8.0,1.0,1.0,5.0,1974.0,4.0,27.0,USA,NY,Smithtown,,,,,,,Frank,Catalanotto,Frank John,170.0,72.0,L,R,1997-09-03,2010-05-10,cataf001,catalfr01,2002,TEX,AL,2475000
cedenro01,2001,1,131,523,79,153,14,11,6,48.0,55.0,15.0,36,83.0,1.0,2.0,6.0,5.0,5.0,1974.0,8.0,16.0,Venezuela,Carabobo,Valencia,,,,,,,Roger,Cedeno,Roger Leandro,165.0,73.0,B,R,1995-06-20,2005-06-05,ceder001,cedenro01,2002,NYN,NL,2375000
chaveer01,2001,1,151,552,91,159,43,0,32,114.0,8.0,2.0,41,99.0,9.0,4.0,0.0,7.0,7.0,1977.0,12.0,7.0,USA,CA,Los Angeles,,,,,,,Eric,Chavez,Eric Cesar,215.0,73.0,L,R,1998-09-08,2014-06-08,chave001,chaveer01,2002,OAK,AL,2125000
cirilje01,2001,1,138,528,72,165,26,4,17,83.0,12.0,2.0,43,63.0,6.0,5.0,1.0,9.0,15.0,1969.0,9.0,23.0,USA,CA,Pasadena,,,,,,,Jeff,Cirillo,Jeffrey Howard,190.0,74.0,R,R,1994-05-11,2007-09-30,cirij001,cirilje01,2002,SEA,AL,6375000
clarkto02,2001,1,126,428,67,123,29,3,16,75.0,0.0,1.0,62,108.0,10.0,1.0,0.0,6.0,14.0,1972.0,6.0,15.0,USA,KS,Newton,,,,,,,Tony,Clark,Anthony Christopher,205.0,80.0,B,R,1995-09-03,2009-07-12,clart002,clarkto02,2002,BOS,AL,5000000
claytro01,2001,1,135,433,62,114,21,4,9,60.0,10.0,7.0,33,72.0,2.0,3.0,9.0,7.0,16.0,1970.0,1.0,2.0,USA,CA,Burbank,,,,,,,Royce,Clayton,Royce Spencer,175.0,72.0,R,R,1991-09-20,2007-09-30,clayr001,claytro01,2002,CHA,AL,4500000
coninje01,2001,1,139,524,75,163,23,2,14,97.0,12.0,8.0,64,75.0,6.0,5.0,0.0,8.0,12.0,1966.0,6.0,27.0,USA,WA,Tacoma,,,,,,,Jeff,Conine,Jeffrey Guy,205.0,73.0,R,R,1990-09-16,2007-09-30,conij001,coninje01,2002,BAL,AL,3500000
coomero01,2001,1,111,349,25,91,19,1,8,53.0,0.0,0.0,29,70.0,1.0,2.0,0.0,6.0,23.0,1966.0,11.0,18.0,USA,IL,Crest Hill,,,,,,,Ron,Coomer,Ronald Bryan,195.0,71.0,R,R,1995-08-01,2003-09-28,coomr001,coomero01,2002,NYA,AL,750000
coraal01,2001,1,134,405,38,88,18,3,4,29.0,0.0,2.0,31,58.0,6.0,8.0,3.0,2.0,16.0,1975.0,10.0,18.0,P.R.,,Caguas,,,,,,,Alex,Cora,Jose Alexander,200.0,72.0,L,R,1998-06-07,2011-09-28,coraa001,coraal01,2002,LAN,NL,625000
cordoma01,2001,1,122,409,61,123,20,2,20,69.0,0.0,3.0,23,81.0,0.0,8.0,0.0,2.0,9.0,1969.0,7.0,10.0,USA,NV,Las Vegas,,,,,,,Marty,Cordova,Martin Kevin,200.0,72.0,R,R,1995-04-26,2003-04-21,cordm001,cordoma01,2002,BAL,AL,2500000
counscr01,2001,1,141,458,76,126,22,3,4,38.0,6.0,8.0,61,76.0,3.0,2.0,6.0,6.0,9.0,1970.0,8.0,21.0,USA,IN,South Bend,,,,,,,Craig,Counsell,Craig John,180.0,72.0,L,R,1995-09-17,2011-09-28,counc001,counscr01,2002,ARI,NL,1516667
coxst01,2001,1,108,342,37,88,22,0,12,51.0,2.0,2.0,24,75.0,0.0,10.0,0.0,2.0,11.0,1974.0,10.0,31.0,USA,CA,Delano,,,,,,,Steve,Cox,Charles Steven,225.0,76.0,L,L,1999-09-19,2002-09-25,cox-s001,coxst01,2002,TBA,AL,280000
cruzde01,2001,1,110,414,39,106,28,1,7,52.0,4.0,1.0,17,46.0,0.0,4.0,1.0,2.0,13.0,1972.0,11.0,6.0,D.R.,Peravia,Bani,,,,,,,Deivi,Cruz,Deivi,160.0,71.0,R,R,1997-04-01,2005-10-02,cruzd001,cruzde01,2002,SDN,NL,600000
cruzjo02,2001,1,146,577,92,158,38,4,34,88.0,32.0,5.0,45,138.0,4.0,1.0,2.0,2.0,8.0,1974.0,4.0,19.0,P.R.,,Arroyo,,,,,,,Jose,Cruz,Jose Luis,190.0,72.0,B,R,1997-05-31,2008-06-05,cruzj004,cruzjo02,2002,TOR,AL,3950000
damonjo01,2001,1,155,644,108,165,34,4,9,49.0,27.0,12.0,61,70.0,1.0,5.0,5.0,4.0,7.0,1973.0,11.0,5.0,USA,KS,Fort Riley,,,,,,,Johnny,Damon,Johnny David,205.0,74.0,L,L,1995-08-12,2012-08-01,damoj001,damonjo01,2002,BOS,AL,7250000
daubabr01,2001,1,122,407,54,107,28,3,22,71.0,1.0,0.0,53,108.0,7.0,5.0,1.0,6.0,10.0,1972.0,2.0,11.0,USA,IL,Belleville,,,,,,,Brian,Daubach,Brian Michael,201.0,73.0,L,R,1998-09-10,2005-07-08,daubb001,daubabr01,2002,BOS,AL,2325000
davisbe01,2001,1,138,448,56,107,20,0,11,57.0,4.0,4.0,66,112.0,5.0,4.0,1.0,7.0,13.0,1977.0,3.0,10.0,USA,PA,Chester,,,,,,,Ben,Davis,Mark Christopher,195.0,76.0,B,R,1998-09-25,2004-10-03,davib003,davisbe01,2002,SEA,AL,350000
delgaca01,2001,1,162,574,102,160,31,1,39,102.0,3.0,0.0,111,136.0,22.0,16.0,0.0,3.0,9.0,1972.0,6.0,25.0,P.R.,,Aguadilla,,,,,,,Carlos,Delgado,Carlos Juan,215.0,75.0,L,R,1993-10-01,2009-05-10,delgc001,delgaca01,2002,TOR,AL,19400000
deshide01,4002,3,126,351,55,82,17,5,5,37.0,23.0,2.0,59,77.0,1.0,1.0,4.0,2.0,8.0,1969.0,1.0,15.0,USA,DE,Seaford,,,,,,,Delino,DeShields,Delino Lamont,170.0,73.0,L,R,1990-04-09,2002-08-08,deshd001,deshide01,2002,CHN,NL,1250000
diazei01,2001,1,134,437,54,121,34,1,4,56.0,1.0,2.0,17,44.0,0.0,16.0,8.0,0.0,11.0,1972.0,12.0,28.0,Panama,Chiriqui,Chiriqui,,,,,,,Einar,Diaz,Einar Antonio,165.0,70.0,R,R,1996-09-09,2006-09-16,diaze002,diazei01,2002,CLE,AL,1087500
drewjd01,2001,1,109,375,80,121,18,5,27,73.0,13.0,3.0,57,75.0,4.0,4.0,3.0,4.0,6.0,1975.0,11.0,20.0,USA,FL,Tallahassee,,,,,,,J. D.,Drew,David Jonathan,200.0,73.0,L,R,1998-09-08,2011-09-28,drewj001,drewj.01,2002,SLN,NL,3100000
durhara01,2001,1,152,611,104,163,42,10,20,65.0,23.0,10.0,64,110.0,3.0,4.0,6.0,6.0,10.0,1971.0,11.0,30.0,USA,NC,Charlotte,,,,,,,Ray,Durham,Ray,170.0,68.0,B,R,1995-04-26,2008-09-28,durhr001,durhara01,2002,CHA,AL,6300000
dyeje01,4002,3,158,599,91,169,31,1,26,106.0,9.0,1.0,57,112.0,6.0,7.0,1.0,11.0,8.0,1974.0,1.0,28.0,USA,CA,Oakland,,,,,,,Jermaine,Dye,Jermaine Terrell,210.0,76.0,R,R,1996-05-17,2009-10-04,dye-j001,dyeje01,2002,OAK,AL,7166667
easleda01,2001,1,154,585,77,146,27,7,11,65.0,10.0,5.0,52,90.0,3.0,13.0,4.0,4.0,10.0,1969.0,11.0,11.0,USA,NY,New York,,,,,,,Damion,Easley,Jacinto Damion,155.0,71.0,R,R,1992-08-13,2008-09-28,easld001,easleda01,2002,DET,AL,6250000
eckstda01,2001,1,153,582,82,166,26,2,4,41.0,29.0,4.0,43,60.0,0.0,21.0,16.0,2.0,11.0,1975.0,1.0,20.0,USA,FL,Sanford,,,,,,,David,Eckstein,David Mark,170.0,66.0,R,R,2001-04-03,2010-10-03,ecksd001,eckstda01,2002,ANA,AL,280000
edmonji01,2001,1,150,500,95,152,38,1,30,110.0,5.0,5.0,93,136.0,12.0,4.0,1.0,10.0,8.0,1970.0,6.0,27.0,USA,CA,Fullerton,,,,,,,Jim,Edmonds,James Patrick,190.0,73.0,L,L,1993-09-09,2010-09-21,edmoj001,edmonji01,2002,SLN,NL,7333333
encarju01,2001,1,120,417,52,101,19,7,12,52.0,9.0,5.0,25,93.0,1.0,6.0,5.0,4.0,9.0,1976.0,3.0,8.0,D.R.,San Juan,Las Matas de Farfan,,,,,,,Juan,Encarnacion,Juan de Dios,160.0,74.0,R,R,1997-09-02,2007-08-30,encaj001,encarju01,2002,CIN,NL,1550000
erstada01,2001,1,157,631,89,163,35,1,9,63.0,24.0,10.0,62,113.0,7.0,10.0,1.0,7.0,8.0,1974.0,6.0,4.0,USA,ND,Jamestown,,,,,,,Darin,Erstad,Darin Charles,195.0,74.0,L,L,1996-06-14,2009-10-04,erstd001,erstada01,2002,ANA,AL,6250000
evereca01,2001,1,102,409,61,105,24,4,14,58.0,9.0,2.0,27,104.0,3.0,13.0,0.0,0.0,3.0,1971.0,6.0,3.0,USA,FL,Tampa,,,,,,,Carl,Everett,Carl Edward,181.0,72.0,B,R,1993-07-01,2006-07-25,everc001,evereca01,2002,TEX,AL,8666666
fickro01,2001,1,124,401,62,109,21,2,19,61.0,0.0,3.0,39,62.0,3.0,4.0,0.0,4.0,10.0,1974.0,3.0,15.0,USA,CA,Torrance,,,,,,,Robert,Fick,Robert Charles John,189.0,73.0,L,R,1998-09-19,2007-09-29,fickr001,fickro01,2002,DET,AL,1150000
finlest01,2001,1,140,495,66,136,27,4,14,73.0,11.0,7.0,47,67.0,9.0,1.0,2.0,3.0,8.0,1965.0,3.0,12.0,USA,TN,Union City,,,,,,,Steve,Finley,Steven Allen,175.0,74.0,L,L,1989-04-03,2007-06-03,finls001,finlest01,2002,ARI,NL,5375000
fletcda01,2001,1,134,416,36,94,20,0,11,56.0,0.0,1.0,24,43.0,4.0,6.0,1.0,6.0,18.0,1966.0,10.0,3.0,USA,IL,Elmhurst,,,,,,,Darrin,Fletcher,Darrin Glen,195.0,74.0,L,R,1989-09-10,2002-07-16,fletd001,fletcda01,2002,TOR,AL,3825000
floydcl01,2001,1,149,555,123,176,44,4,31,103.0,18.0,3.0,59,101.0,19.0,10.0,0.0,5.0,9.0,1972.0,12.0,5.0,USA,IL,Chicago,,,,,,,Cliff,Floyd,Cornelius Clifford,220.0,77.0,L,R,1993-09-18,2009-06-17,floyc001,floydcl01,2002,FLO,NL,6500000
frymatr01,2001,1,98,334,34,88,15,0,3,38.0,1.0,2.0,30,63.0,1.0,3.0,0.0,3.0,8.0,1969.0,3.0,25.0,USA,KY,Lexington,,,,,,,Travis,Fryman,David Travis,180.0,73.0,R,R,1990-07-07,2002-09-29,frymt001,frymatr01,2002,CLE,AL,5825000
fullmbr01,2001,1,146,522,71,143,31,2,18,83.0,5.0,2.0,38,88.0,8.0,6.0,0.0,7.0,13.0,1975.0,1.0,17.0,USA,CA,Chatsworth,,,,,,,Brad,Fullmer,Bradley Ryan,185.0,73.0,L,R,1997-09-02,2004-07-24,fullb001,fullmbr01,2002,ANA,AL,4000000
furcara01,2001,1,79,324,39,89,19,0,4,30.0,22.0,6.0,24,56.0,1.0,1.0,4.0,6.0,5.0,1977.0,10.0,24.0,D.R.,Dajabon,Loma de Cabrera,,,,,,,Rafael,Furcal,Rafael,195.0,68.0,B,R,2000-04-04,2014-06-21,furcr001,furcara02,2002,ATL,NL,405000
galaran01,4002,3,121,399,50,102,28,1,17,69.0,1.0,3.0,31,117.0,2.0,12.0,0.0,3.0,12.0,1961.0,6.0,18.0,Venezuela,Distrito Federal,Caracas,,,,,,,Andres,Galarraga,Andres Jose,235.0,75.0,R,R,1985-08-23,2004-10-03,galaa001,galaran01,2002,MON,NL,500000
giambja01,2001,1,154,520,109,178,47,2,38,120.0,2.0,0.0,129,83.0,24.0,13.0,0.0,9.0,17.0,1971.0,1.0,8.0,USA,CA,West Covina,,,,,,,Jason,Giambi,Jason Gilbert,240.0,75.0,L,R,1995-05-08,2014-09-27,giamj001,giambja01,2002,NYA,AL,10428571
giambje01,2001,1,124,371,64,105,26,0,12,57.0,0.0,1.0,63,83.0,1.0,4.0,3.0,2.0,13.0,1974.0,9.0,30.0,USA,CA,San Jose,,,,,,,Jeremy,Giambi,Jeremy Dean,185.0,72.0,L,L,1998-09-01,2003-08-01,giamj002,giambje01,2002,OAK,AL,1065000
gilesbr02,2001,1,160,576,116,178,37,7,37,95.0,13.0,6.0,90,67.0,14.0,4.0,0.0,4.0,10.0,1971.0,1.0,20.0,USA,CA,El Cajon,,,,,,,Brian,Giles,Brian Stephen,195.0,71.0,L,L,1995-09-16,2009-06-18,gileb002,gilesbr02,2002,PIT,NL,8063003
glanvdo01,2001,1,153,634,74,166,24,3,14,55.0,28.0,6.0,19,91.0,1.0,4.0,10.0,7.0,7.0,1970.0,8.0,25.0,USA,NJ,Hackensack,,,,,,,Doug,Glanville,Douglas Metunwa,170.0,74.0,R,R,1996-06-09,2004-10-03,gland001,glanvdo01,2002,PHI,NL,4000000
glaustr01,2001,1,161,588,100,147,38,2,41,108.0,10.0,3.0,107,158.0,7.0,6.0,0.0,7.0,16.0,1976.0,8.0,3.0,USA,CA,Tarzana,,,,,,,Troy,Glaus,Troy Edward,220.0,77.0,R,R,1998-07-31,2010-10-01,glaut001,glaustr01,2002,ANA,AL,4000000
gomezch02,4002,3,98,301,37,78,19,0,8,43.0,4.0,0.0,17,38.0,0.0,2.0,6.0,5.0,9.0,1971.0,6.0,16.0,USA,CA,Los Angeles,,,,,,,Chris,Gomez,Christopher Cory,183.0,73.0,R,R,1993-07-19,2008-09-18,gomec001,gomezch02,2002,TBA,AL,1000000
gonzaal01,2001,1,154,636,79,161,25,5,17,76.0,18.0,11.0,43,149.0,0.0,7.0,7.0,10.0,16.0,1973.0,4.0,8.0,USA,FL,Miami,,,,,,,Alex,Gonzalez,Alexander Scott,180.0,72.0,R,R,1994-04-04,2006-05-20,gonza001,gonzaal01,2002,CHN,NL,4250000
gonzaal02,2001,1,145,515,57,129,36,1,9,48.0,2.0,2.0,30,107.0,6.0,10.0,3.0,3.0,13.0,1977.0,2.0,15.0,Venezuela,Aragua,Cagua,,,,,,,Alex,Gonzalez,Alexander,210.0,73.0,R,R,1998-08-25,2014-04-17,gonza002,gonzaal02,2002,FLO,NL,1700000
gonzaju03,2001,1,140,532,97,173,34,1,35,140.0,1.0,0.0,41,94.0,5.0,6.0,0.0,16.0,18.0,1969.0,10.0,20.0,P.R.,,Arecibo,,,,,,,Juan,Gonzalez,Juan Alberto,175.0,75.0,R,R,1989-09-01,2005-05-31,gonzj002,gonzaju03,2002,TEX,AL,11000000
gonzalu01,2001,1,162,609,128,198,36,7,57,142.0,1.0,1.0,100,83.0,24.0,14.0,0.0,5.0,14.0,1967.0,9.0,3.0,USA,FL,Tampa,,,,,,,Luis,Gonzalez,Luis Emilio,180.0,74.0,L,R,1990-09-04,2008-09-28,gonzl001,gonzalu01,2002,ARI,NL,4333333
gracema01,2001,1,145,476,66,142,31,2,15,78.0,1.0,0.0,67,36.0,6.0,4.0,1.0,5.0,7.0,1964.0,6.0,28.0,USA,NC,Winston-Salem,,,,,,,Mark,Grace,Mark Eugene,190.0,74.0,L,L,1988-05-02,2003-09-28,gracm001,gracema01,2002,ARI,NL,3000000
greensh01,2001,1,161,619,121,184,31,4,49,125.0,20.0,4.0,72,107.0,10.0,5.0,0.0,5.0,10.0,1972.0,11.0,10.0,USA,IL,Des Plaines,,,,,,,Shawn,Green,Shawn David,190.0,76.0,L,L,1993-09-28,2007-09-29,grees001,greensh01,2002,LAN,NL,13416667
grievbe01,2001,1,154,542,72,143,30,2,11,72.0,7.0,1.0,87,159.0,2.0,8.0,0.0,2.0,13.0,1976.0,5.0,4.0,USA,TX,Arlington,,,,,,,Ben,Grieve,Benjamin,200.0,76.0,L,R,1997-09-03,2005-10-02,grieb001,grievbe01,2002,TBA,AL,4000000
griffke02,2001,1,111,364,57,104,20,2,22,65.0,2.0,0.0,44,72.0,6.0,4.0,1.0,4.0,8.0,1969.0,11.0,21.0,USA,PA,Donora,,,,,,,Ken,Griffey,George Kenneth,195.0,75.0,L,L,1989-04-03,2010-05-31,grifk002,griffke02,2002,CIN,NL,8557223
grissma02,2001,1,135,448,56,99,17,1,21,60.0,7.0,5.0,16,107.0,0.0,2.0,0.0,2.0,12.0,1967.0,4.0,17.0,USA,GA,Atlanta,,,,,,,Marquis,Grissom,Marquis Deon,190.0,71.0,R,R,1989-08-22,2005-07-31,grism001,grissma02,2002,LAN,NL,5000000
grudzma01,2001,1,133,539,83,146,21,3,13,55.0,4.0,4.0,28,83.0,0.0,11.0,3.0,5.0,9.0,1970.0,6.0,30.0,USA,WI,Milwaukee,,,,,,,Mark,Grudzielanek,Mark James,185.0,73.0,R,R,1995-04-28,2010-06-06,grudm001,grudzma01,2002,LAN,NL,5000000
guerrvl01,2001,1,159,599,107,184,45,4,34,108.0,37.0,16.0,60,88.0,24.0,9.0,0.0,3.0,24.0,1975.0,2.0,9.0,D.R.,Peravia,Nizao,,,,,,,Vladimir,Guerrero,Vladimir,235.0,75.0,R,R,1996-09-19,2011-09-28,guerv001,guerrvl01,2002,MON,NL,8000000
guillca01,2001,1,140,456,72,118,21,4,5,53.0,4.0,1.0,53,89.0,0.0,1.0,7.0,6.0,9.0,1975.0,9.0,30.0,Venezuela,Aragua,Maracay,,,,,,,Carlos,Guillen,Carlos Alfonso,215.0,73.0,B,R,1998-09-06,2011-09-18,guilc001,guillca01,2002,SEA,AL,1400000
gutieri01,2001,1,147,528,76,153,23,3,10,66.0,4.0,3.0,40,56.0,0.0,10.0,17.0,11.0,13.0,1970.0,5.0,23.0,USA,FL,Miami,,,,,,,Ricky,Gutierrez,Ricardo,175.0,73.0,R,R,1993-04-13,2004-10-03,gutir001,gutieri01,2002,CLE,AL,2166667
guzmacr01,2001,1,118,493,80,149,28,14,10,51.0,25.0,8.0,21,78.0,0.0,5.0,8.0,0.0,6.0,1978.0,3.0,21.0,D.R.,Distrito Nacional,Santo Domingo,,,,,,,Cristian,Guzman,Cristian,180.0,72.0,B,R,1999-04-06,2010-09-08,guzmc001,guzmacr01,2002,MIN,AL,1425000
hairsje02,2001,1,159,532,63,124,25,5,8,47.0,29.0,11.0,44,73.0,0.0,13.0,9.0,4.0,12.0,1976.0,5.0,29.0,USA,IA,Des Moines,,,,,,,Jerry,Hairston,Jerry Wayne,195.0,70.0,R,R,1998-09-11,2013-09-25,hairj002,hairsje02,2002,BAL,AL,300000
haltesh01,2001,1,136,450,53,128,32,7,12,65.0,3.0,3.0,37,100.0,2.0,7.0,7.0,6.0,14.0,1969.0,11.0,8.0,USA,MD,La Plata,,,,,,,Shane,Halter,Shane David,160.0,70.0,R,R,1997-04-06,2004-10-03,halts001,haltesh01,2002,DET,AL,1500000
heltoto01,2001,1,159,587,132,197,54,2,49,146.0,7.0,5.0,98,104.0,15.0,5.0,1.0,5.0,14.0,1973.0,8.0,20.0,USA,TN,Knoxville,,,,,,,Todd,Helton,Todd Lynn,220.0,74.0,L,L,1997-08-02,2013-09-29,heltt001,heltoto01,2002,COL,NL,5000000
henderi01,2001,1,123,379,70,86,17,3,8,42.0,25.0,7.0,81,84.0,0.0,3.0,0.0,2.0,8.0,1958.0,12.0,25.0,USA,IL,Chicago,,,,,,,Rickey,Henderson,Rickey Nelson Henley,180.0,70.0,R,L,1979-06-24,2003-09-19,hendr001,henderi01,2002,BOS,AL,350000
hernajo01,2001,1,152,542,67,135,26,2,25,78.0,5.0,4.0,39,185.0,8.0,2.0,5.0,4.0,9.0,1969.0,7.0,14.0,P.R.,,Rio Piedras,,,,,,,Jose,Hernandez,Jose Antonio,180.0,73.0,R,R,1991-08-09,2006-10-01,hernj001,hernajo01,2002,MIL,NL,3333333
hernara02,2001,1,136,453,55,115,25,0,15,60.0,1.0,1.0,37,68.0,3.0,6.0,9.0,4.0,10.0,1976.0,5.0,20.0,Venezuela,Distrito Federal,Caracas,,,,,,,Ramon,Hernandez,Ramon Jose,220.0,72.0,R,R,1999-06-29,2013-06-12,hernr002,hernara02,2002,OAK,AL,497500
hidalri01,2001,1,146,512,70,141,29,3,19,80.0,3.0,5.0,54,107.0,3.0,16.0,0.0,11.0,15.0,1975.0,6.0,28.0,Venezuela,Distrito Federal,Caracas,,,,,,,Richard,Hidalgo,Richard Jose,220.0,75.0,R,R,1997-09-01,2005-08-04,hidar001,hidalri01,2002,HOU,NL,5500000
higgibo02,2001,1,147,541,84,150,28,6,17,71.0,20.0,12.0,80,65.0,3.0,2.0,1.0,9.0,8.0,1970.0,8.0,18.0,USA,PA,Philadelphia,,,,,,,Bobby,Higginson,Robert Leigh,180.0,71.0,L,R,1995-04-26,2005-05-05,higgb001,higgibo02,2002,DET,AL,5850000
hillesh02,2001,1,139,468,52,123,20,2,12,49.0,3.0,4.0,13,61.0,3.0,7.0,1.0,4.0,12.0,1975.0,7.0,27.0,USA,AZ,Mesa,,,,,,,Shea,Hillenbrand,Shea Matthew,200.0,73.0,R,R,2001-04-02,2007-09-20,hills002,hillesh02,2002,BOS,AL,260000
hockide01,2001,1,112,327,34,82,16,2,3,25.0,6.0,1.0,29,67.0,1.0,2.0,4.0,1.0,7.0,1970.0,4.0,2.0,USA,CA,Torrance,,,,,,,Denny,Hocking,Dennis Lee,180.0,70.0,B,R,1993-09-10,2005-09-28,hockd001,hockide01,2002,MIN,AL,1100000
hunteto01,2001,1,148,564,82,147,32,5,27,92.0,9.0,6.0,29,125.0,0.0,8.0,1.0,1.0,12.0,1975.0,7.0,18.0,USA,AR,Pine Bluff,,,,,,,Torii,Hunter,Torii Kedar,220.0,74.0,R,R,1997-08-22,2015-10-03,huntt001,hunteto01,2002,MIN,AL,2400000
jacksda04,2001,1,122,440,67,106,21,6,4,38.0,23.0,6.0,44,128.0,2.0,6.0,2.0,3.0,6.0,1973.0,8.0,16.0,USA,CA,Los Angeles,,,,,,,Damian,Jackson,Damian Jacques,160.0,70.0,R,R,1996-09-12,2006-08-23,jackd003,jacksda04,2002,DET,AL,625000
jenkige01,2001,1,105,397,60,105,21,1,20,63.0,4.0,2.0,36,120.0,7.0,8.0,0.0,5.0,11.0,1974.0,7.0,21.0,USA,WA,Olympia,,,,,,,Geoff,Jenkins,Geoffrey Scott,205.0,73.0,L,R,1998-04-24,2008-09-28,jenkg001,jenkige01,2002,MIL,NL,3187500
jeterde01,2001,1,150,614,110,191,35,3,21,74.0,27.0,3.0,56,99.0,3.0,10.0,5.0,1.0,13.0,1974.0,6.0,26.0,USA,NJ,Pequannock,,,,,,,Derek,Jeter,Derek Sanderson,195.0,75.0,R,R,1995-05-29,2014-09-28,jeted001,jeterde01,2002,NYA,AL,14600000
jimenda01,2001,1,86,308,45,85,19,0,3,33.0,2.0,3.0,39,68.0,4.0,0.0,0.0,2.0,9.0,1977.0,12.0,21.0,D.R.,Distrito Nacional,Santo Domingo,,,,,,,D'Angelo,Jimenez,D'Angelo,190.0,72.0,B,R,1999-09-15,2007-09-29,jimed001,jimend'01,2002,SDN,NL,240000
johnsch04,2001,1,128,451,51,117,32,0,18,75.0,0.0,0.0,38,133.0,2.0,4.0,0.0,3.0,8.0,1971.0,7.0,20.0,USA,FL,Fort Pierce,,,,,,,Charles,Johnson,Charles Edward,215.0,74.0,R,R,1994-05-06,2005-06-11,johnc002,johnsch04,2002,FLO,NL,5000000
jonesan01,2001,1,161,625,104,157,25,2,34,104.0,11.0,4.0,56,142.0,3.0,3.0,0.0,9.0,10.0,1977.0,4.0,23.0,Curacao,,Willemstad,,,,,,,Andruw,Jones,Andruw Rudolf,225.0,73.0,R,R,1996-08-15,2012-10-03,jonea002,jonesan01,2002,ATL,NL,10000000
jonesch06,2001,1,159,572,113,189,33,5,38,102.0,9.0,10.0,98,82.0,20.0,2.0,0.0,5.0,13.0,1972.0,4.0,24.0,USA,FL,DeLand,,,,,,,Chipper,Jones,Larry Wayne,210.0,76.0,B,R,1993-09-11,2012-10-03,jonec004,jonesch06,2002,ATL,NL,11333333
jonesja04,2001,1,149,475,57,131,25,0,14,49.0,12.0,9.0,39,92.0,2.0,3.0,2.0,0.0,10.0,1975.0,4.0,25.0,USA,CA,San Diego,,,,,,,Jacque,Jones,Jacque Dewayne,175.0,70.0,L,L,1999-06-09,2008-06-10,jonej003,jonesja05,2002,MIN,AL,312500
jordabr01,2001,1,148,560,82,165,32,3,25,97.0,3.0,2.0,31,88.0,3.0,6.0,0.0,8.0,18.0,1967.0,3.0,29.0,USA,MD,Baltimore,,,,,,,Brian,Jordan,Brian O'Neal,205.0,73.0,R,R,1992-04-08,2006-09-30,jordb001,jordabr01,2002,LAN,NL,6600000
justida01,2001,1,111,381,58,92,16,1,18,51.0,1.0,2.0,54,83.0,5.0,0.0,0.0,4.0,6.0,1966.0,4.0,14.0,USA,OH,Cincinnati,,,,,,,David,Justice,David Christopher,195.0,75.0,L,L,1989-05-24,2002-09-29,justd001,justida01,2002,OAK,AL,7000000
kaplega01,2001,1,134,483,77,129,29,1,17,72.0,23.0,6.0,61,70.0,2.0,3.0,2.0,7.0,10.0,1975.0,7.0,31.0,USA,CA,Hollywood,,,,,,,Gabe,Kapler,Gabriel Stefan,190.0,74.0,R,R,1998-09-20,2010-08-14,kaplg001,kaplega01,2002,TEX,AL,1850000
karroer01,2001,1,121,438,42,103,22,0,15,63.0,3.0,1.0,41,101.0,2.0,3.0,0.0,3.0,15.0,1967.0,11.0,4.0,USA,NJ,Hackensack,,,,,,,Eric,Karros,Eric Peter,205.0,76.0,R,R,1991-09-01,2004-07-21,karre001,karroer01,2002,LAN,NL,6875000
kendaja01,2001,1,157,606,84,161,22,2,10,53.0,13.0,14.0,44,48.0,4.0,20.0,0.0,2.0,18.0,1974.0,6.0,26.0,USA,CA,San Diego,,,,,,,Jason,Kendall,Jason Daniel,181.0,72.0,R,R,1996-04-01,2010-08-30,kendj001,kendaja01,2002,PIT,NL,6571429
kennead01,2001,1,137,478,48,129,25,3,6,40.0,12.0,7.0,27,71.0,3.0,11.0,7.0,9.0,7.0,1976.0,1.0,10.0,USA,CA,Riverside,,,,,,,Adam,Kennedy,Adam Thomas,195.0,71.0,L,R,1999-08-21,2012-09-07,kenna001,kennead01,2002,ANA,AL,375000
kentje01,2001,1,159,607,84,181,49,6,22,106.0,7.0,6.0,65,96.0,4.0,11.0,0.0,13.0,11.0,1968.0,3.0,7.0,USA,CA,Bellflower,,,,,,,Jeff,Kent,Jeffrey Franklin,185.0,73.0,R,R,1992-04-12,2008-09-27,kentj001,kentje01,2002,SFN,NL,6000000
kleskry01,2001,1,146,538,105,154,34,6,30,113.0,23.0,4.0,88,89.0,7.0,3.0,0.0,9.0,16.0,1971.0,6.0,12.0,USA,CA,Westminster,,,,,,,Ryan,Klesko,Ryan Anthony,220.0,75.0,L,L,1992-09-12,2007-09-25,klesr001,kleskry01,2002,SDN,NL,6000000
knoblch01,2001,1,137,521,66,130,20,3,9,44.0,38.0,9.0,58,73.0,1.0,14.0,5.0,2.0,10.0,1968.0,7.0,7.0,USA,TX,Houston,,,,,,,Chuck,Knoblauch,Edward Charles,175.0,69.0,R,R,1991-04-09,2002-09-27,knobc001,knoblch01,2002,KCA,AL,2000000
konerpa01,2001,1,156,582,92,164,35,0,32,99.0,1.0,0.0,54,89.0,6.0,9.0,0.0,5.0,17.0,1976.0,3.0,5.0,USA,RI,Providence,,,,,,,Paul,Konerko,Paul Henry,220.0,74.0,R,R,1997-09-08,2014-09-28,konep001,konerpa01,2002,CHA,AL,3800000
koskico01,2001,1,153,562,100,155,37,2,26,103.0,27.0,6.0,68,118.0,9.0,12.0,0.0,7.0,16.0,1973.0,6.0,28.0,CAN,MB,Anola,,,,,,,Corey,Koskie,Cordel Leonard,215.0,75.0,L,R,1998-09-09,2006-07-05,koskc001,koskico01,2002,MIN,AL,2150000
kotsama01,2001,1,119,406,67,118,29,1,10,58.0,13.0,5.0,48,58.0,1.0,2.0,1.0,3.0,11.0,1975.0,12.0,2.0,USA,CA,Whittier,,,,,,,Mark,Kotsay,Mark Steven,220.0,72.0,L,L,1997-07-11,2013-09-29,kotsm001,kotsama01,2002,SDN,NL,3050000
lankfra01,4002,3,131,389,58,98,28,4,19,58.0,10.0,2.0,62,145.0,9.0,4.0,1.0,3.0,6.0,1967.0,6.0,5.0,USA,CA,Los Angeles,,,,,,,Ray,Lankford,Raymond Lewis,180.0,71.0,L,L,1990-08-21,2004-10-03,lankr001,lankfra01,2002,SDN,NL,8100000
larueja01,2001,1,121,364,39,86,21,2,12,43.0,3.0,3.0,27,106.0,4.0,9.0,1.0,2.0,11.0,1974.0,3.0,19.0,USA,TX,Houston,,,,,,,Jason,LaRue,Michael Jason,200.0,71.0,R,R,1999-06-15,2010-08-03,laruj001,larueja01,2002,CIN,NL,305000
lawtoma02,4002,3,151,559,95,155,36,1,13,64.0,29.0,8.0,85,80.0,6.0,11.0,0.0,2.0,16.0,1971.0,11.0,30.0,USA,MS,Gulfport,,,,,,,Matt,Lawton,Matthew,180.0,70.0,L,R,1995-09-05,2006-05-16,lawtm002,lawtoma02,2002,CLE,AL,5250000
leeca01,2001,1,150,558,75,150,33,3,24,84.0,17.0,7.0,38,85.0,2.0,6.0,1.0,2.0,15.0,1976.0,6.0,20.0,Panama,Cocle,Aguadulce,,,,,,,Carlos,Lee,Carlos,270.0,74.0,R,R,1999-05-07,2012-10-03,lee-c001,leeca01,2002,CHA,AL,2700000
leede02,2001,1,158,561,83,158,37,4,21,75.0,4.0,2.0,50,126.0,1.0,8.0,0.0,6.0,18.0,1975.0,9.0,6.0,USA,CA,Sacramento,,,,,,,Derrek,Lee,Derrek Leon,240.0,77.0,R,R,1997-04-28,2011-09-28,lee-d002,leede02,2002,FLO,NL,2700000
leetr01,2001,1,157,555,75,143,34,2,20,90.0,3.0,4.0,71,109.0,5.0,4.0,1.0,9.0,15.0,1975.0,5.0,26.0,USA,CA,San Diego,,,,,,,Travis,Lee,Travis Reynolds,205.0,75.0,L,L,1998-03-31,2006-09-01,lee-t002,leetr01,2002,PHI,NL,3000000
loducpa01,2001,1,125,460,71,147,28,0,25,90.0,2.0,4.0,39,30.0,2.0,6.0,5.0,9.0,11.0,1972.0,4.0,12.0,USA,NY,Brooklyn,,,,,,,Paul,Lo Duca,Paul Anthony,193.0,70.0,R,R,1998-06-21,2008-09-27,lodup001,loducpa01,2002,LAN,NL,546667
loftoke01,2001,1,133,517,91,135,21,4,14,66.0,16.0,8.0,47,69.0,1.0,2.0,5.0,5.0,8.0,1967.0,5.0,31.0,USA,IN,East Chicago,,,,,,,Kenny,Lofton,Kenneth,180.0,72.0,L,L,1991-09-14,2007-09-29,loftk001,loftoke01,2002,CHA,AL,1025000
longte01,2001,1,162,629,90,178,37,4,12,85.0,9.0,3.0,52,103.0,8.0,0.0,0.0,6.0,17.0,1976.0,2.0,29.0,USA,AL,Montgomery,,,,,,,Terrence,Long,Terrence Deon,190.0,73.0,L,L,1999-04-14,2006-06-05,longt002,longte01,2002,OAK,AL,675000
lopezja01,2001,1,128,438,45,117,16,1,17,66.0,1.0,0.0,28,82.0,3.0,10.0,1.0,5.0,12.0,1970.0,11.0,5.0,P.R.,,Ponce,,,,,,,Javy,Lopez,Javier,185.0,75.0,R,R,1992-09-18,2006-09-02,lopej001,lopezja01,2002,ATL,NL,6000000
loretma01,2001,1,102,384,40,111,14,2,2,29.0,1.0,2.0,28,46.0,0.0,7.0,7.0,3.0,6.0,1971.0,8.0,14.0,USA,CA,Santa Monica,,,,,,,Mark,Loretta,Mark David,175.0,72.0,R,R,1995-09-04,2009-10-04,lorem001,loretma01,2002,MIL,NL,5000000
lowelmi01,2001,1,146,551,65,156,37,0,18,100.0,1.0,2.0,43,79.0,3.0,10.0,0.0,10.0,9.0,1974.0,2.0,24.0,P.R.,,San Juan,,,,,,,Mike,Lowell,Michael Averett,195.0,76.0,R,R,1998-09-13,2010-10-02,lowem001,lowelmi01,2002,FLO,NL,2300000
lugoju01,2001,1,140,513,93,135,20,3,10,37.0,12.0,11.0,46,116.0,0.0,5.0,15.0,7.0,7.0,1975.0,11.0,16.0,D.R.,Barahona,Barahona,,,,,,,Julio,Lugo,Julio Cesar,175.0,73.0,R,R,2000-04-15,2011-08-23,lugoj001,lugoju01,2002,HOU,NL,325000
maciajo01,2001,1,137,488,62,131,24,6,8,51.0,21.0,6.0,32,54.0,0.0,3.0,8.0,3.0,7.0,1972.0,1.0,25.0,Panama,Panama,Panama,,,,,,,Jose,Macias,Jose Prado,173.0,70.0,B,R,1999-05-12,2005-10-02,macij001,maciajo01,2002,DET,AL,375000
martied01,2001,1,132,470,80,144,40,1,23,116.0,4.0,1.0,93,90.0,9.0,9.0,0.0,9.0,11.0,1963.0,1.0,2.0,USA,NY,New York,,,,,,,Edgar,Martinez,Edgar,175.0,72.0,R,R,1987-09-12,2004-10-03,marte001,martied01,2002,SEA,AL,7086668
martira03,2001,1,128,391,48,99,18,3,5,37.0,1.0,2.0,38,52.0,6.0,5.0,6.0,6.0,11.0,1972.0,10.0,10.0,USA,PA,Philadelphia,,,,,,,Ramon,Martinez,Ramon E.,170.0,73.0,R,R,1998-06-20,2009-06-02,martr003,martira03,2002,SFN,NL,775000
martiti02,2001,1,154,589,89,165,24,2,34,113.0,1.0,2.0,42,89.0,2.0,2.0,0.0,2.0,12.0,1967.0,12.0,7.0,USA,FL,Tampa,,,,,,,Tino,Martinez,Constantino,205.0,74.0,L,R,1990-08-20,2005-10-02,martt002,martiti02,2002,SLN,NL,5750000
mathemi01,2001,1,121,381,40,83,12,0,7,42.0,0.0,1.0,28,76.0,5.0,4.0,8.0,3.0,11.0,1970.0,9.0,22.0,USA,OH,Columbus,,,,,,,Mike,Matheny,Michael Scott,205.0,75.0,R,R,1994-04-07,2006-05-31,mathm001,mathemi01,2002,SLN,NL,2500000
matthga02,4002,3,152,405,63,92,15,2,14,44.0,8.0,5.0,60,100.0,2.0,1.0,5.0,1.0,8.0,1974.0,8.0,25.0,USA,CA,San Francisco,,,,,,,Gary,Matthews,Gary Nathaniel,200.0,75.0,B,R,1999-06-04,2010-06-02,mattg002,matthga02,2002,NYN,NL,237500
maynebr01,4002,3,100,326,28,93,11,1,2,40.0,1.0,2.0,26,41.0,5.0,1.0,0.0,6.0,12.0,1968.0,4.0,19.0,USA,CA,Loma Linda,,,,,,,Brent,Mayne,Brent Danem,195.0,73.0,L,R,1990-09-18,2004-10-02,maynb001,maynebr01,2002,KCA,AL,2500000
mcgrifr01,4002,3,146,513,67,157,25,2,31,102.0,1.0,2.0,66,106.0,13.0,3.0,0.0,4.0,13.0,1963.0,10.0,31.0,USA,FL,Tampa,,,,,,,Fred,McGriff,Frederick Stanley,200.0,75.0,L,L,1986-05-17,2004-07-15,mcgrf001,mcgrifr01,2002,CHN,NL,7250000
mclemma01,2001,1,125,409,78,117,16,9,5,57.0,39.0,7.0,69,84.0,0.0,0.0,3.0,6.0,6.0,1964.0,10.0,4.0,USA,CA,San Diego,,,,,,,Mark,McLemore,Mark Tremell,175.0,71.0,B,R,1986-09-13,2004-10-02,mclem001,mclemma01,2002,SEA,AL,3150000
menecfr01,2001,1,139,471,82,114,22,2,12,60.0,2.0,3.0,79,97.0,0.0,19.0,3.0,6.0,13.0,1971.0,1.0,7.0,USA,NY,Staten Island,,,,,,,Frank,Menechino,Frank,175.0,69.0,R,R,1999-09-06,2005-10-02,menef001,menecfr01,2002,OAK,AL,295000
mientdo01,2001,1,151,543,77,166,39,1,15,74.0,2.0,6.0,67,92.0,6.0,9.0,0.0,7.0,10.0,1974.0,6.0,19.0,USA,OH,Toledo,,,,,,,Doug,Mientkiewicz,Douglas Andrew,195.0,74.0,L,R,1998-09-18,2009-10-04,miend001,mientdo01,2002,MIN,AL,285000
millake01,2001,1,144,449,62,141,39,5,20,85.0,0.0,0.0,39,70.0,2.0,5.0,0.0,2.0,8.0,1971.0,9.0,24.0,USA,CA,Los Angeles,,,,,,,Kevin,Millar,Kevin Charles,195.0,73.0,R,R,1998-04-11,2009-10-03,millk005,millake01,2002,FLO,NL,900000
milleda02,2001,1,123,380,45,103,19,0,13,47.0,0.0,1.0,35,80.0,9.0,4.0,4.0,2.0,9.0,1969.0,10.0,13.0,USA,WI,La Crosse,,,,,,,Damian,Miller,Damian Donald,202.0,75.0,R,R,1997-08-10,2007-09-30,milld002,milleda02,2002,ARI,NL,2650000
molinbe01,2001,1,96,325,31,85,11,0,6,40.0,0.0,1.0,16,51.0,3.0,8.0,2.0,4.0,8.0,1974.0,7.0,20.0,P.R.,,Rio Piedras,,,,,,,Bengie,Molina,Benjamin Jose,190.0,71.0,R,R,1998-09-21,2010-10-03,molib001,molinbe01,2002,ANA,AL,350000
mondera01,2001,1,149,572,88,144,26,4,27,84.0,30.0,11.0,73,128.0,3.0,6.0,0.0,2.0,13.0,1971.0,3.0,12.0,D.R.,San Cristobal,San Cristobal,,,,,,,Raul,Mondesi,Raul Ramon,202.0,71.0,R,R,1993-07-19,2005-05-27,mondr002,mondera01,2002,TOR,AL,11000000
morame01,2001,1,128,436,49,109,28,0,7,48.0,11.0,4.0,41,91.0,2.0,14.0,5.0,7.0,6.0,1972.0,2.0,2.0,Venezuela,Yaracuy,Agua Negra,,,,,,,Melvin,Mora,Melvin,200.0,71.0,R,R,1999-05-30,2011-06-29,moram002,morame01,2002,BAL,AL,350000
murraca01,2001,1,106,326,54,80,14,2,6,25.0,8.0,8.0,32,57.0,0.0,3.0,3.0,0.0,5.0,1971.0,7.0,30.0,USA,TX,Dallas,,,,,,,Calvin,Murray,Calvin Duane,190.0,71.0,R,R,1999-06-22,2004-10-01,murrc001,murraca01,2002,SFN,NL,305000
nevinph01,2001,1,149,546,97,167,31,0,41,126.0,4.0,4.0,71,147.0,7.0,4.0,0.0,3.0,13.0,1971.0,1.0,19.0,USA,CA,Fullerton,,,,,,,Phil,Nevin,Phillip Joseph,180.0,74.0,R,R,1995-06-11,2006-09-29,nevip001,nevinph01,2002,SDN,NL,2600000
nixontr01,2001,1,148,535,100,150,31,4,27,88.0,7.0,4.0,79,113.0,1.0,7.0,6.0,6.0,8.0,1974.0,4.0,11.0,USA,NC,Durham,,,,,,,Trot,Nixon,Christopher Trotman,195.0,73.0,L,L,1996-09-21,2008-06-28,nixot001,nixontr01,2002,BOS,AL,2700000
nunezab01,2001,1,115,301,30,79,11,4,1,21.0,8.0,2.0,28,53.0,1.0,1.0,4.0,1.0,0.0,1976.0,3.0,16.0,D.R.,Distrito Nacional,Santo Domingo,,,,,,,Abraham,Nunez,Abraham Orlando,200.0,71.0,B,R,1997-08-27,2008-06-08,nunea001,nunezab01,2002,PIT,NL,200000
ochoaal01,4002,3,148,536,73,148,30,7,8,52.0,17.0,13.0,45,76.0,0.0,4.0,4.0,4.0,10.0,1972.0,3.0,29.0,USA,FL,Miami Lakes,,,,,,,Alex,Ochoa,Alex,175.0,72.0,R,R,1995-09-18,2002-09-29,ochoa001,ochoaal01,2002,MIL,NL,2750000
offerjo01,2001,1,128,524,76,140,23,3,9,49.0,5.0,2.0,61,97.0,2.0,1.0,3.0,5.0,9.0,1968.0,11.0,8.0,D.R.,San Pedro de Macoris,San Pedro de Macoris,,,,,,,Jose,Offerman,Jose Antonio,150.0,72.0,B,R,1990-08-19,2005-10-02,offej001,offerjo01,2002,BOS,AL,6750000
olerujo01,2001,1,159,572,91,173,32,1,21,95.0,3.0,1.0,94,70.0,19.0,5.0,1.0,7.0,21.0,1968.0,8.0,5.0,USA,WA,Seattle,,,,,,,John,Olerud,John Garrett,205.0,77.0,L,L,1989-09-03,2005-10-02,olerj001,olerujo01,2002,SEA,AL,6950000
ordonma01,2001,1,160,593,97,181,40,1,31,113.0,25.0,7.0,70,70.0,7.0,5.0,0.0,3.0,14.0,1974.0,1.0,28.0,Venezuela,Distrito Federal,Caracas,,,,,,,Magglio,Ordonez,Magglio,215.0,72.0,R,R,1997-08-29,2011-09-27,ordom001,ordonma01,2002,CHA,AL,6500000
ordonre01,2001,1,149,461,31,114,24,4,3,44.0,3.0,2.0,34,43.0,17.0,1.0,7.0,2.0,17.0,1971.0,1.0,11.0,Cuba,La Habana,La Habana,,,,,,,Rey,Ordonez,Reynaldo,160.0,69.0,R,R,1996-04-01,2004-07-17,ordor001,ordonre01,2002,NYN,NL,6250000
ortizda01,2001,1,89,303,46,71,17,1,18,48.0,1.0,0.0,40,68.0,8.0,1.0,1.0,2.0,6.0,1975.0,11.0,18.0,D.R.,Distrito Nacional,Santo Domingo,,,,,,,David,Ortiz,David Americo,230.0,75.0,L,L,1997-09-02,2016-10-02,ortid001,ortizda01,2002,MIN,AL,950000
owenser01,2001,1,119,400,51,101,16,1,5,28.0,8.0,6.0,29,59.0,2.0,0.0,4.0,1.0,13.0,1971.0,2.0,3.0,USA,VA,Danville,,,,,,,Eric,Owens,Eric Blake,185.0,73.0,R,R,1995-06-06,2003-09-27,owene001,owenser01,2002,FLO,NL,2166667
palmera01,2001,1,160,600,98,164,33,0,47,123.0,1.0,1.0,101,90.0,8.0,7.0,0.0,6.0,8.0,1964.0,9.0,24.0,Cuba,La Habana,La Habana,,,,,,,Rafael,Palmeiro,Rafael,180.0,72.0,L,L,1986-09-08,2005-08-30,palmr001,palmera01,2002,TEX,AL,8712986
paquecr01,2001,1,123,340,47,96,17,0,15,64.0,3.0,1.0,18,67.0,1.0,5.0,5.0,2.0,11.0,1969.0,3.0,28.0,USA,CA,Long Beach,,,,,,,Craig,Paquette,Craig Harold,190.0,72.0,R,R,1993-06-01,2003-04-24,paquc001,paquecr01,2002,DET,AL,2125000
paytoja01,2001,1,104,361,44,92,16,1,8,34.0,4.0,3.0,18,52.0,1.0,5.0,0.0,2.0,11.0,1972.0,11.0,22.0,USA,OH,Zanesville,,,,,,,Jay,Payton,Jason Lee,185.0,70.0,R,R,1998-09-01,2010-10-03,paytj001,paytoja01,2002,NYN,NL,362500
perezne01,4002,3,136,581,83,162,26,9,8,59.0,9.0,6.0,26,68.0,1.0,1.0,11.0,4.0,10.0,1973.0,6.0,2.0,D.R.,Santo Domingo,Villa Mella,,,,,,,Neifi,Perez,Neifi Neftali,175.0,72.0,B,R,1996-08-31,2007-07-05,peren001,perezne01,2002,KCA,AL,4100000
piazzmi01,2001,1,141,503,81,151,29,0,36,94.0,0.0,2.0,67,87.0,19.0,2.0,0.0,1.0,20.0,1968.0,9.0,4.0,USA,PA,Norristown,,,,,,,Mike,Piazza,Michael Joseph,200.0,75.0,R,R,1992-09-01,2007-09-30,piazm001,piazzmi01,2002,NYN,NL,10571429
pierrju01,2001,1,156,617,108,202,26,11,2,55.0,46.0,17.0,41,29.0,1.0,10.0,14.0,1.0,6.0,1977.0,8.0,14.0,USA,AL,Mobile,,,,,,,Juan,Pierre,Juan D'Vaughn,180.0,70.0,L,L,2000-08-07,2013-09-29,pierj002,pierrju01,2002,COL,NL,600000
pierzaj01,2001,1,114,381,51,110,33,2,7,55.0,1.0,7.0,16,57.0,4.0,4.0,1.0,3.0,7.0,1976.0,12.0,30.0,USA,NY,Bridgehampton,,,,,,,A. J.,Pierzynski,Anthony John,250.0,75.0,L,R,1998-09-09,2016-09-10,piera001,pierza.01,2002,MIN,AL,250000
polanpl01,2001,1,144,564,87,173,26,4,3,38.0,12.0,3.0,25,43.0,0.0,6.0,14.0,1.0,22.0,1975.0,10.0,10.0,D.R.,Distrito Nacional,Santo Domingo,,,,,,,Placido,Polanco,Placido Enrique,190.0,69.0,R,R,1998-07-03,2013-09-28,polap001,polanpl01,2002,SLN,NL,1750000
posadjo01,2001,1,138,484,59,134,28,1,22,95.0,2.0,6.0,62,132.0,10.0,6.0,0.0,5.0,10.0,1971.0,8.0,17.0,P.R.,,Santurce,,,,,,,Jorge,Posada,Jorge Rafael,215.0,74.0,B,R,1995-09-04,2011-09-28,posaj001,posadjo01,2002,NYA,AL,7000000
pujolal01,2001,1,161,590,112,194,47,4,37,130.0,1.0,3.0,69,93.0,6.0,9.0,1.0,7.0,21.0,1980.0,1.0,16.0,D.R.,Distrito Nacional,Santo Domingo,,,,,,,Albert,Pujols,Jose Alberto,240.0,75.0,R,R,2001-04-02,2018-08-28,pujoa001,pujolal01,2002,SLN,NL,600000
quinnma01,2001,1,118,453,57,122,31,2,17,60.0,9.0,5.0,12,69.0,1.0,7.0,0.0,1.0,16.0,1974.0,5.0,21.0,USA,CA,La Mirada,,,,,,,Mark,Quinn,Mark David,175.0,73.0,R,R,1999-09-14,2002-06-07,quinm001,quinnma01,2002,KCA,AL,375000
ramirar01,2001,1,158,603,83,181,40,0,34,112.0,5.0,4.0,40,100.0,4.0,8.0,0.0,4.0,9.0,1978.0,6.0,25.0,D.R.,Distrito Nacional,Santo Domingo,,,,,,,Aramis,Ramirez,Aramis,205.0,73.0,R,R,1998-05-26,2015-10-03,ramia001,ramirar01,2002,PIT,NL,500000
ramirma02,2001,1,142,529,93,162,33,2,41,125.0,0.0,1.0,81,147.0,25.0,8.0,0.0,2.0,9.0,1972.0,5.0,30.0,D.R.,Distrito Nacional,Santo Domingo,,,,,,,Manny,Ramirez,Manuel Aristides,225.0,72.0,R,R,1993-09-02,2011-04-06,ramim002,ramirma02,2002,BOS,AL,15462727
randajo01,2001,1,151,581,59,147,34,2,13,83.0,3.0,2.0,42,80.0,2.0,6.0,1.0,6.0,15.0,1969.0,12.0,18.0,USA,WI,Milwaukee,,,,,,,Joe,Randa,Joseph Gregory,190.0,71.0,R,R,1995-04-30,2006-10-01,randj002,randajo01,2002,KCA,AL,4000000
reesepo01,2001,1,133,428,50,96,20,2,9,40.0,25.0,4.0,34,82.0,4.0,3.0,5.0,4.0,7.0,1973.0,6.0,10.0,USA,SC,Columbia,,,,,,,Pokey,Reese,Calvin,180.0,71.0,R,R,1997-04-01,2004-10-03,reesp001,reesepo01,2002,PIT,NL,1750000
relafde01,2001,1,120,301,43,91,27,0,8,36.0,13.0,5.0,27,65.0,1.0,5.0,2.0,5.0,4.0,1973.0,9.0,16.0,USA,GA,Valdosta,,,,,,,Desi,Relaford,Desmond Lamont,155.0,68.0,B,R,1996-08-01,2007-07-28,relad001,relafde01,2002,SEA,AL,1275000
renteed01,2001,1,141,493,54,128,19,3,10,57.0,17.0,4.0,39,73.0,4.0,3.0,8.0,6.0,15.0,1976.0,8.0,7.0,Colombia,Atlantico,Barranquilla,,,,,,,Edgar,Renteria,Edgar Enrique,200.0,73.0,R,R,1996-05-10,2011-09-28,rente001,renteed01,2002,SLN,NL,6000000
richach01,2001,1,136,483,74,128,31,3,15,61.0,11.0,9.0,45,100.0,4.0,8.0,2.0,4.0,15.0,1974.0,6.0,7.0,USA,CA,San Diego,,,,,,,Chris,Richard,Christopher Robert,185.0,74.0,L,L,2000-07-17,2009-10-04,richc001,richach01,2002,BAL,AL,300000
riosar01,4002,3,95,319,38,83,17,3,14,50.0,3.0,2.0,36,74.0,6.0,0.0,1.0,3.0,3.0,1971.0,9.0,13.0,P.R.,,Santurce,,,,,,,Armando,Rios,Armando,180.0,69.0,L,L,1998-09-01,2003-09-27,riosa001,riosar01,2002,PIT,NL,925000
rivaslu01,2001,1,153,563,70,150,21,6,7,47.0,31.0,11.0,40,99.0,0.0,6.0,5.0,5.0,15.0,1979.0,8.0,30.0,Venezuela,Vargas,La Guaira,,,,,,,Luis,Rivas,Luis Wilfredo,175.0,70.0,R,R,2000-09-16,2008-09-20,rival001,rivaslu01,2002,MIN,AL,240000
rodrial01,2001,1,162,632,133,201,34,1,52,135.0,18.0,3.0,75,131.0,6.0,16.0,0.0,9.0,17.0,1975.0,7.0,27.0,USA,NY,New York,,,,,,,Alex,Rodriguez,Alexander Enmanuel,230.0,75.0,R,R,1994-07-08,2016-08-12,rodra001,rodrial01,2002,TEX,AL,22000000
rodriiv01,2001,1,111,442,70,136,24,2,25,65.0,10.0,3.0,23,73.0,3.0,4.0,0.0,1.0,13.0,1971.0,11.0,27.0,P.R.,,Manati,,,,,,,Ivan,Rodriguez,Ivan,205.0,69.0,R,R,1991-06-20,2011-09-28,rodri001,rodriiv01,2002,TEX,AL,9600000
rolensc01,2001,1,151,554,96,160,39,1,25,107.0,16.0,5.0,74,127.0,6.0,13.0,0.0,12.0,6.0,1975.0,4.0,4.0,USA,IN,Evansville,,,,,,,Scott,Rolen,Scott Bruce,245.0,76.0,R,R,1996-08-01,2012-10-03,roles001,rolensc01,2002,PHI,NL,8600000
rolliji01,2001,1,158,656,97,180,29,12,14,54.0,46.0,8.0,48,108.0,2.0,2.0,9.0,5.0,5.0,1978.0,11.0,27.0,USA,CA,Oakland,,,,,,,Jimmy,Rollins,James Calvin,175.0,67.0,B,R,2000-09-17,2016-06-08,rollj001,rolliji01,2002,PHI,NL,355000
saenzol01,2001,1,106,305,33,67,21,1,9,32.0,0.0,1.0,19,64.0,1.0,13.0,1.0,3.0,9.0,1970.0,10.0,8.0,Panama,Herrera,Chitre,,,,,,,Olmedo,Saenz,Olmedo,185.0,74.0,R,R,1994-05-28,2007-09-27,saeno001,saenzol01,2002,OAK,AL,800000
salmoti01,2001,1,137,475,63,108,21,1,17,49.0,9.0,3.0,96,121.0,4.0,8.0,0.0,2.0,11.0,1968.0,8.0,24.0,USA,CA,Long Beach,,,,,,,Tim,Salmon,Timothy James,200.0,75.0,R,R,1992-08-21,2006-10-01,salmt001,salmoti01,2002,ANA,AL,9650000
sanchre01,4002,3,149,544,56,153,18,6,0,37.0,11.0,1.0,15,49.0,1.0,2.0,13.0,5.0,20.0,1967.0,10.0,5.0,P.R.,,Rio Piedras,,,,,,,Rey,Sanchez,Rey Francisco,180.0,70.0,R,R,1991-09-08,2005-06-08,sancr001,sanchre01,2002,BOS,AL,700000
sandere02,2001,1,126,441,84,116,21,3,33,90.0,14.0,10.0,46,126.0,7.0,5.0,1.0,3.0,2.0,1967.0,12.0,1.0,USA,SC,Florence,,,,,,,Reggie,Sanders,Reginald Laverne,180.0,72.0,R,R,1991-08-22,2007-07-29,sandr002,sandere02,2002,SFN,NL,1750000
santibe01,2001,1,133,477,39,125,25,4,6,45.0,5.0,4.0,23,78.0,0.0,2.0,7.0,6.0,19.0,1965.0,3.0,9.0,P.R.,,Ponce,,,,,,,Benito,Santiago,Benito,180.0,73.0,R,R,1986-09-14,2005-04-11,santb001,santibe01,2002,SFN,NL,2044168
sexsori01,2001,1,158,598,94,162,24,3,45,125.0,2.0,4.0,60,178.0,5.0,6.0,0.0,3.0,20.0,1974.0,12.0,29.0,USA,OR,Portland,,,,,,,Richie,Sexson,Richmond Lockwood,205.0,79.0,R,R,1997-09-14,2008-08-13,sexsr001,sexsori01,2002,MIL,NL,3125000
sheffga01,2001,1,143,515,98,160,28,2,36,100.0,10.0,4.0,94,67.0,13.0,4.0,0.0,5.0,12.0,1968.0,11.0,18.0,USA,FL,Tampa,,,,,,,Gary,Sheffield,Gary Antonian,190.0,71.0,R,R,1988-09-03,2009-09-30,shefg001,sheffga01,2002,ATL,NL,9916667
shinjts01,2001,1,123,400,46,107,23,1,10,56.0,4.0,5.0,25,70.0,3.0,7.0,4.0,2.0,8.0,1972.0,1.0,28.0,Japan,Nagasaki,Tsushima,,,,,,,Tsuyoshi,Shinjo,Tsuyoshi,185.0,73.0,R,R,2001-04-03,2003-06-27,shint001,shinjts01,2002,SFN,NL,1350000
sierrru01,2001,1,94,344,55,100,22,1,23,67.0,2.0,0.0,19,52.0,0.0,0.0,0.0,6.0,13.0,1965.0,10.0,6.0,P.R.,,Rio Piedras,,,,,,,Ruben,Sierra,Ruben Angel,175.0,73.0,B,R,1986-06-01,2006-07-09,sierr001,sierrru01,2002,SEA,AL,1900000
singlch01,2001,1,140,392,57,117,21,5,7,45.0,12.0,11.0,20,61.0,2.0,1.0,14.0,4.0,5.0,1972.0,8.0,15.0,USA,CA,Martinez,,,,,,,Chris,Singleton,Christopher Verdell,195.0,74.0,L,L,1999-04-10,2005-05-19,singc001,singlch01,2002,BAL,AL,1400000
soriaal01,2001,1,158,574,77,154,34,3,18,73.0,43.0,14.0,29,125.0,0.0,3.0,3.0,5.0,7.0,1976.0,1.0,7.0,D.R.,San Pedro de Macoris,San Pedro de Macoris,,,,,,,Alfonso,Soriano,Alfonso Guilleard,195.0,73.0,R,R,1999-09-14,2014-07-05,soria001,soriaal01,2002,NYA,AL,630000
sosasa01,2001,1,160,577,146,189,34,5,64,160.0,0.0,2.0,116,153.0,37.0,6.0,0.0,12.0,6.0,1968.0,11.0,12.0,D.R.,San Pedro de Macoris,San Pedro de Macoris,,,,,,,Sammy,Sosa,Samuel Peralta,165.0,72.0,R,R,1989-06-16,2007-09-29,sosas001,sosasa01,2002,CHN,NL,15000000
spiezsc01,2001,1,139,457,57,124,29,4,13,54.0,5.0,2.0,34,65.0,4.0,5.0,3.0,4.0,6.0,1972.0,9.0,21.0,USA,IL,Joliet,,,,,,,Scott,Spiezio,Scott Edward,195.0,74.0,B,R,1996-09-14,2007-09-30,spies001,spiezsc01,2002,ANA,AL,2275000
stairma01,2001,1,128,340,48,85,21,0,17,61.0,2.0,3.0,52,76.0,7.0,7.0,1.0,3.0,4.0,1968.0,2.0,27.0,CAN,NB,St. John,,,,,,,Matt,Stairs,Matthew Wade,200.0,69.0,L,R,1992-05-29,2011-07-22,staim001,stairma01,2002,MIL,NL,500000
stevele01,2001,1,152,542,77,133,35,1,25,95.0,2.0,1.0,74,157.0,12.0,5.0,0.0,7.0,17.0,1967.0,7.0,10.0,USA,MO,Kansas City,,,,,,,Lee,Stevens,DeWain Lee,205.0,76.0,L,L,1990-07-16,2002-09-27,stevl001,stevele01,2002,MON,NL,4000000
stewash01,2001,1,155,640,103,202,44,7,12,60.0,27.0,10.0,46,72.0,1.0,11.0,0.0,1.0,9.0,1974.0,2.0,25.0,USA,OH,Cincinnati,,,,,,,Shannon,Stewart,Shannon Harold,175.0,72.0,R,R,1995-09-02,2008-06-07,stews002,stewash01,2002,TOR,AL,4250000
stynech01,2001,1,96,361,52,101,19,2,8,33.0,4.0,5.0,20,56.0,0.0,3.0,1.0,1.0,12.0,1973.0,1.0,19.0,USA,NY,Queens,,,,,,,Chris,Stynes,Christopher Desmond,175.0,69.0,R,R,1995-05-19,2004-07-30,stync001,stynech01,2002,CHN,NL,1250000
surhobj01,2001,1,141,484,68,131,33,1,10,58.0,9.0,3.0,38,48.0,5.0,1.0,1.0,7.0,5.0,1964.0,8.0,4.0,USA,NY,Bronx,,,,,,,B. J.,Surhoff,William James,185.0,73.0,L,R,1987-04-08,2005-10-02,surhb001,surhob.01,2002,ATL,NL,4500000
suzukic01,2001,1,157,692,127,242,34,8,8,69.0,56.0,14.0,30,53.0,10.0,8.0,4.0,4.0,3.0,1973.0,10.0,22.0,Japan,Aichi,Nichi Kasugai-gun,,,,,,,Ichiro,Suzuki,Ichiro,175.0,71.0,L,R,2001-04-02,2018-05-02,suzui001,suzukic01,2002,SEA,AL,3696000
sweenmi01,2001,1,147,559,97,170,46,0,29,99.0,10.0,3.0,64,64.0,13.0,2.0,1.0,6.0,13.0,1973.0,7.0,22.0,USA,CA,Orange,,,,,,,Mike,Sweeney,Michael John,195.0,73.0,R,R,1995-09-04,2010-10-03,sweem002,sweenmi01,2002,KCA,AL,8000000
tejadmi01,2001,1,162,622,107,166,31,3,31,113.0,11.0,5.0,43,89.0,5.0,13.0,1.0,4.0,14.0,1974.0,5.0,25.0,D.R.,Peravia,Bani,,,,,,,Miguel,Tejada,Miguel Odalis,220.0,69.0,R,R,1997-08-27,2013-08-10,tejam001,tejadmi01,2002,OAK,AL,3625000
thomeji01,2001,1,156,526,101,153,26,1,49,124.0,0.0,1.0,111,185.0,14.0,4.0,0.0,3.0,9.0,1970.0,8.0,27.0,USA,IL,Peoria,,,,,,,Jim,Thome,James Howard,250.0,76.0,L,R,1991-09-04,2012-10-03,thomj002,thomeji01,2002,CLE,AL,8000000
trammbu01,2001,1,142,490,66,128,20,3,25,92.0,2.0,2.0,48,78.0,2.0,4.0,0.0,4.0,10.0,1971.0,11.0,6.0,USA,TN,Knoxville,,,,,,,Bubba,Trammell,Thomas Bubba,205.0,75.0,R,R,1997-04-01,2003-06-22,tramb001,trammbu01,2002,SDN,NL,1500000
tuckemi01,4002,3,149,436,62,110,19,8,12,61.0,16.0,8.0,46,102.0,4.0,2.0,10.0,6.0,8.0,1971.0,6.0,25.0,USA,VA,South Boston,,,,,,,Michael,Tucker,Michael Anthony,185.0,74.0,L,R,1995-04-26,2006-10-01,tuckm001,tuckemi01,2002,KCA,AL,2250000
tynerja01,2001,1,105,396,51,111,8,5,0,21.0,31.0,6.0,15,42.0,0.0,3.0,5.0,1.0,6.0,1977.0,4.0,23.0,USA,TX,Bedford,,,,,,,Jason,Tyner,Jason Renyt,170.0,73.0,L,L,2000-06-05,2008-05-12,tynej001,tynerja01,2002,TBA,AL,250000
valenjo03,2001,1,124,438,74,113,22,2,28,68.0,9.0,6.0,50,114.0,2.0,3.0,8.0,3.0,7.0,1969.0,10.0,12.0,P.R.,,Manati,,,,,,,Jose,Valentin,Jose Antonio,175.0,70.0,B,R,1992-09-17,2007-07-20,valej003,valenjo03,2002,CHA,AL,5000000
vandejo02,4002,3,146,452,58,122,28,4,14,70.0,8.0,6.0,68,122.0,9.0,1.0,2.0,4.0,10.0,1966.0,4.0,29.0,USA,MI,Grand Rapids,,,,,,,John,Vander Wal,John Henry,180.0,73.0,L,L,1991-09-06,2004-09-27,vandj001,vandejo02,2002,NYA,AL,1850000
vaughgr01,2001,1,136,485,74,113,25,0,24,82.0,11.0,5.0,71,130.0,7.0,3.0,0.0,3.0,10.0,1965.0,7.0,3.0,USA,CA,Sacramento,,,,,,,Greg,Vaughn,Gregory Lamont,195.0,72.0,R,R,1989-08-10,2003-07-10,vaugg001,vaughgr01,2002,TBA,AL,8750000
velarra01,4002,3,93,342,50,95,19,2,9,32.0,6.0,2.0,34,86.0,0.0,8.0,4.0,1.0,8.0,1962.0,11.0,24.0,USA,TX,Midland,,,,,,,Randy,Velarde,Randy Lee,185.0,72.0,R,R,1987-08-20,2002-09-29,velar001,velarra01,2002,OAK,AL,1000000
venturo01,2001,1,142,456,70,108,20,0,21,61.0,2.0,5.0,88,101.0,10.0,1.0,0.0,4.0,13.0,1967.0,7.0,14.0,USA,CA,Santa Maria,,,,,,,Robin,Ventura,Robin Mark,185.0,73.0,L,R,1989-09-12,2004-10-02,ventr001,venturo01,2002,NYA,AL,8500000
vidrojo01,2001,1,124,486,82,155,34,1,15,59.0,4.0,1.0,31,49.0,2.0,10.0,2.0,2.0,18.0,1974.0,8.0,27.0,P.R.,,Mayaguez,,,,,,,Jose,Vidro,Jose Angel,175.0,71.0,B,R,1997-06-08,2008-08-04,vidrj001,vidrojo01,2002,MON,NL,4000000
vinafe01,2001,1,154,631,95,191,30,8,9,56.0,17.0,7.0,32,35.0,3.0,22.0,3.0,2.0,7.0,1969.0,4.0,16.0,USA,CA,Sacramento,,,,,,,Fernando,Vina,Fernando,170.0,69.0,L,R,1993-04-10,2004-05-11,vinaf001,vinafe01,2002,SLN,NL,4333333
vizquom01,2001,1,155,611,84,156,26,8,2,50.0,13.0,9.0,61,72.0,0.0,2.0,15.0,4.0,14.0,1967.0,4.0,24.0,Venezuela,Distrito Federal,Caracas,,,,,,,Omar,Vizquel,Omar Enrique,180.0,69.0,B,R,1989-04-03,2012-10-03,vizqo001,vizquom01,2002,CLE,AL,4500000
walkela01,2001,1,142,497,107,174,35,3,38,123.0,14.0,5.0,82,103.0,6.0,14.0,0.0,8.0,9.0,1966.0,12.0,1.0,CAN,BC,Maple Ridge,,,,,,,Larry,Walker,Larry Kenneth Robert,185.0,74.0,L,R,1989-08-16,2005-10-02,walkl001,walkela01,2002,COL,NL,12666667
walketo04,4002,3,151,551,93,163,35,2,17,75.0,1.0,8.0,51,82.0,1.0,1.0,4.0,3.0,14.0,1973.0,5.0,25.0,USA,CA,Bakersfield,,,,,,,Todd,Walker,Todd Arthur,180.0,72.0,L,R,1996-08-30,2007-05-10,walkt002,walketo04,2002,CIN,NL,2050000
whitero02,2001,1,95,323,43,99,19,1,17,50.0,1.0,0.0,26,56.0,4.0,7.0,1.0,0.0,14.0,1972.0,2.0,23.0,USA,GA,Milledgeville,,,,,,,Rondell,White,Rondell Bernard,193.0,73.0,R,R,1993-09-01,2007-09-30,whitr001,whitero02,2002,NYA,AL,4500000
willibe02,2001,1,146,540,102,166,38,0,26,94.0,11.0,5.0,78,67.0,11.0,6.0,0.0,9.0,15.0,1968.0,9.0,13.0,P.R.,,San Juan,,,,,,,Bernie,Williams,Bernabe,180.0,74.0,B,R,1991-07-07,2006-10-01,willb002,willibe02,2002,NYA,AL,12357143
willima04,2001,1,106,408,58,112,30,0,16,65.0,1.0,0.0,22,70.0,3.0,3.0,0.0,3.0,15.0,1965.0,11.0,28.0,USA,CA,Bishop,,,,,,,Matt,Williams,Matthew Derrick,205.0,74.0,R,R,1987-04-11,2003-05-31,willm003,willima04,2002,ARI,NL,9500000
wilsoda01,2001,1,123,377,44,100,20,1,10,42.0,3.0,2.0,20,69.0,0.0,2.0,8.0,1.0,6.0,1969.0,3.0,25.0,USA,IL,Arlington Heights,,,,,,,Dan,Wilson,Daniel Allen,190.0,75.0,R,R,1992-09-07,2005-09-30,wilsd001,wilsoda01,2002,SEA,AL,4500000
wilsoja02,2001,1,108,390,44,87,17,1,3,25.0,1.0,3.0,16,70.0,2.0,1.0,17.0,1.0,4.0,1977.0,12.0,29.0,USA,CA,Westlake Village,,,,,,,Jack,Wilson,Jack Eugene,200.0,72.0,R,R,2001-04-03,2012-07-13,wilsj002,wilsoja02,2002,PIT,NL,232000
wilsopr01,2001,1,123,468,70,128,30,2,23,71.0,20.0,8.0,36,107.0,2.0,6.0,0.0,3.0,14.0,1974.0,7.0,19.0,USA,SC,Bamberg,,,,,,,Preston,Wilson,Preston James Richard,193.0,74.0,R,R,1998-05-07,2007-05-05,wilsp002,wilsopr01,2002,FLO,NL,3500000
winnra01,2001,1,128,429,54,117,25,6,6,50.0,12.0,10.0,38,81.0,0.0,6.0,5.0,2.0,10.0,1974.0,6.0,9.0,USA,CA,Los Angeles,,,,,,,Randy,Winn,Dwight Randolph,175.0,74.0,B,R,1998-05-11,2010-10-03,winnr001,winnra01,2002,TBA,AL,960000
womacto01,2001,1,125,481,66,128,19,5,3,30.0,28.0,7.0,23,54.0,2.0,6.0,7.0,1.0,4.0,1969.0,9.0,25.0,USA,VA,Danville,,,,,,,Tony,Womack,Anthony Darrell,160.0,69.0,L,R,1993-09-10,2006-06-24,womat001,womacto01,2002,ARI,NL,4500000
youngdm01,2001,1,142,540,68,163,28,3,21,69.0,8.0,5.0,37,77.0,10.0,5.0,1.0,3.0,22.0,1973.0,10.0,11.0,USA,MS,Vicksburg,,,,,,,Dmitri,Young,Dmitri Dell,295.0,74.0,B,R,1996-08-29,2008-07-11,yound001,youngdm01,2002,DET,AL,5500000
younger01,2001,1,149,603,98,168,43,4,6,42.0,31.0,14.0,42,45.0,1.0,9.0,15.0,3.0,15.0,1967.0,5.0,18.0,USA,NJ,New Brunswick,,,,,,,Eric,Young,Eric Orlando,180.0,69.0,R,R,1992-07-30,2006-09-19,youne001,younger01,2002,MIL,NL,2000000
youngke01,2001,1,142,449,53,104,33,0,14,65.0,15.0,11.0,42,119.0,3.0,11.0,0.0,5.0,17.0,1969.0,6.0,16.0,USA,MI,Alpena,,,,,,,Kevin,Young,Kevin Stacey,210.0,75.0,R,R,1992-07-12,2003-06-27,younk001,youngke01,2002,PIT,NL,5625000
youngmi02,2001,1,106,386,57,96,18,4,11,49.0,3.0,1.0,26,91.0,0.0,3.0,9.0,5.0,9.0,1976.0,10.0,19.0,USA,CA,Covina,,,,,,,Michael,Young,Michael Brian,200.0,73.0,R,R,2000-09-29,2013-09-29,younm003,youngmi02,2002,TEX,AL,250000
zeileto01,2001,1,151,531,66,141,25,1,10,62.0,1.0,0.0,73,102.0,3.0,6.0,0.0,2.0,15.0,1965.0,9.0,9.0,USA,CA,Van Nuys,,,,,,,Todd,Zeile,Todd Edward,190.0,73.0,R,R,1989-08-18,2004-10-03,zeilt001,zeileto01,2002,COL,NL,6833333
